{
  "best_params": {
    "clf__C": 10.0
  },
  "classification_report": {
    "0": {
      "precision": 0.9907024793388429,
      "recall": 0.9927536231884058,
      "f1-score": 0.9917269906928645,
      "support": 966.0
    },
    "1": {
      "precision": 0.9523809523809523,
      "recall": 0.9395973154362416,
      "f1-score": 0.9459459459459459,
      "support": 149.0
    },
    "accuracy": 0.9856502242152466,
    "macro avg": {
      "precision": 0.9715417158598976,
      "recall": 0.9661754693123237,
      "f1-score": 0.9688364683194053,
      "support": 1115.0
    },
    "weighted avg": {
      "precision": 0.9855814860502997,
      "recall": 0.9856502242152466,
      "f1-score": 0.9856091649822898,
      "support": 1115.0
    }
  },
  "confusion_matrix": [
    [
      959,
      7
    ],
    [
      9,
      140
    ]
  ]
}